"playlist_order","title","video_id","duration","review_status","notes","source_url"
"1","The Backrooms (Found Footage)","H4dGpz6cnHo","09:14","Pending","Official playlist entry; captions unavailable in the inspected player.","https://www.youtube.com/watch?v=H4dGpz6cnHo"
"2","Mar11_90_ARCHIVE.tar","k0L8SM32ENI","02:49","Pending","","https://www.youtube.com/watch?v=k0L8SM32ENI"
"3","Backrooms - The Third Test","tvmEc7JhR0E","01:47","Pending","","https://www.youtube.com/watch?v=tvmEc7JhR0E"
"4","Backrooms - First Contact","eXdIDjzy6KY","01:58","Pending","","https://www.youtube.com/watch?v=eXdIDjzy6KY"
"5","Backrooms - Missing Persons","py6c5NaHeB8","02:37","Pending","","https://www.youtube.com/watch?v=py6c5NaHeB8"
"6","Backrooms - Autopsy Report","2AN6j7JYc1g","02:37","Pending","","https://www.youtube.com/watch?v=2AN6j7JYc1g"
"7","Backrooms - Informational Video","ZIFhglHn3W0","08:01","Pending","","https://www.youtube.com/watch?v=ZIFhglHn3W0"
"8","Backrooms - Motion Detected","4FDotUHfpWk","04:07","Pending","","https://www.youtube.com/watch?v=4FDotUHfpWk"
"9","Backrooms - Prototype","9_UN1dsZ9Vg","01:33","Pending","","https://www.youtube.com/watch?v=9_UN1dsZ9Vg"
"10","Backrooms - Pitfalls","0XwlWXtpaCM","14:04","Pending","","https://www.youtube.com/watch?v=0XwlWXtpaCM"
"11","Backrooms - Report","ywVxpZ4XUBM","06:21","Pending","","https://www.youtube.com/watch?v=ywVxpZ4XUBM"
"12","9780415263573","a7ckzgIgx_o","00:34","Pending","","https://www.youtube.com/watch?v=a7ckzgIgx_o"
"13","Backrooms - Presentation","ITuGdHxHi0A","08:26","Pending","","https://www.youtube.com/watch?v=ITuGdHxHi0A"
"14","_recording014","cjUqCsDmx-I","02:32","Pending","","https://www.youtube.com/watch?v=cjUqCsDmx-I"
"15","Backrooms - Found Footage #2","sA5PxGHqpTo","13:23","Pending","","https://www.youtube.com/watch?v=sA5PxGHqpTo"
"16","home_27647.mov","Kq6l9yCO9rI","03:26","Pending","","https://www.youtube.com/watch?v=Kq6l9yCO9rI"
"17","Backrooms - Reunion","ye6YpxFE9jk","13:12","Pending","","https://www.youtube.com/watch?v=ye6YpxFE9jk"
"18","Backrooms - Damage Control","j6klSI8GlXI","14:03","Pending","","https://www.youtube.com/watch?v=j6klSI8GlXI"
"19","Backrooms - Overflow","8TYopkSmKyA","01:39","Pending","","https://www.youtube.com/watch?v=8TYopkSmKyA"
"20","Backrooms - Lighting and Tile Survey","DSWUEmJDglw","08:44","Pending","","https://www.youtube.com/watch?v=DSWUEmJDglw"
"21","Backrooms - Found Footage #3","acdYs9tPLko","45:00","Pending","","https://www.youtube.com/watch?v=acdYs9tPLko"
"22","Backrooms - Static Dead End","ZbPaWvqAEq4","04:02","Pending","","https://www.youtube.com/watch?v=ZbPaWvqAEq4"
"23","Backrooms - Everything Must Go","ewZx0bnBb30","16:00","Pending","Playlist currently labels this as an additional official entry.","https://www.youtube.com/watch?v=ewZx0bnBb30"
