"Section","Label","Value"
"title","Rimrooms - Async Industries: 294-Mod Integration Register",""
"title","RimWorld 1.6 design target | Local RimWorld Together server profile snapshot dated 2026-09-27",""
"measure","Profile entries","294"
"measure","Base game and DLC records","6"
"measure","User-selected profile scope","All 294 entries are in scope; compatibility is not yet demonstrated."
"measure","Backrooms core dependency","RimWorld Core. Keep gameplay integrations optional and isolated."
"measure","Selected multiplayer model","Separate company branches; favor offline visits, supply/aid exchange, and shared investigation stories if confirmed. No shared-map control or automatic global research."
"measure","Campaign opening scenarios","Async Industries first playable; Furniture & Knickknack Store and Lone Survivor are planned alternate starts using the shared campaign/coordinate contract."
"measure","Selected gravship chain","Odyssey + Harmony + Vanilla Expanded Framework + Chapter 1 + Chapter 2."
"measure","Verified chapter relationship","Chapter 2 requires Odyssey, Vanilla Expanded Framework, and Chapter 1."
"measure","Register evidence level","All 294 of 294 rows have accepted source-fact records with known limits recorded; no combined-profile runtime clearance has been established."
"measure","Technology exchange","Trade a Backrooms research dossier as cargo; the receiving company studies it locally. Custom-item transfer is untested; research does not unlock automatically for both branches."
"measure","Facility visits","Official RWT guidance lists offline visits and raids. Exact activity options and the visit experience remain untested on the pinned build."
"measure","Current RWT boundary","Local client/server IDs and order match. The RWT 26.8.31.1 server archive matches the official release digest; the client artifact is pinned separately by hash. Server settings do not enforce the profile. Visits, custom cargo, differing scenarios, and reconnect behavior remain untested."
"source","Canonical build-agent/source map","docs/SOURCE_REGISTER.md"
"source","Campaign scenario contract","docs/SCENARIOS.md"
"source","Local source inventory","docs/research/rimworld-server-mod-inventory.csv; docs/research/installed-mod-metadata-2026-09-27.csv; docs/research/installed-mod-relationships-2026-09-27.csv; docs/research/RIMWORLD_1_6_PACKAGE_AND_GENERATION.md"
"source","Kane Pixels video index with direct URLs","docs/research/kane-pixels-video-index.csv; docs/research/FAN_SUMMARY_GUIDE.md; docs/research/KANE_PIXELS_FAN_CLIFF_NOTES.md; docs/research/reviews/a24-feature/feature-review.md"
"source","Evidence/review folder and templates","docs/research/reviews/README.md; docs/research/reviews/templates/; docs/research/MOD_REVIEW_AGENT_ROADMAP.md"
"source","Local RWT/gravship feasibility audit","docs/research/RWT_AND_GRAVSHIP_FEASIBILITY.md"
"source","RimWorld Together Workshop","https://steamcommunity.com/sharedfiles/filedetails/?id=3005289691"
"source","RWT upstream source","https://github.com/RimWorld-Together/Rimworld-Together"
"source","RWT release 26.8.31.1","https://github.com/RimWorld-Together/Rimworld-Together/releases/tag/26.8.31.1"
"source","Vanilla Gravship Expanded Chapter 1","https://steamcommunity.com/sharedfiles/filedetails/?id=3609835606"
"source","Vanilla Gravship Expanded Chapter 2","https://steamcommunity.com/sharedfiles/filedetails/?id=3799737423"
"source","Vanilla Expanded Framework","https://steamcommunity.com/sharedfiles/filedetails/?id=2023507013"
