record_id,category,work_or_asset,creator_or_publisher,source_url,review_record,review_status,intended_use,shipped_material,rights_or_license_claim,claim_evidence,attribution_requirement,local_asset_path,distribution_status,notes
KANE-PIXELS-PLAYLIST,Creative reference,Kane Pixels Backrooms series,Kane Pixels,https://www.youtube.com/playlist?list=PLVAh-MgDVqvDUEq6qDXqORBioE4Yhol_z,../research/kane-pixels-video-index.csv,Indexed; individual reviews in progress,Primary lore and story reference; indirect adaptation only,Original game content inspired by the reviewed source,MIT per project owner direction,Owner direction recorded during project planning,Keep the source link with related game design,,Reference for original mod adaptation,Review all 23 listed official uploads and record story facts separately from new gameplay ideas
KANE-PIXELS-H4dGpz6cnHo,Creative reference,The Backrooms (Found Footage),Kane Pixels,https://www.youtube.com/watch?v=H4dGpz6cnHo,reviews/kane-pixels/H4dGpz6cnHo.md,Partial visual sample; full review pending,Indirect story and visual reference,Original game content inspired by the reviewed source,MIT per project owner direction,Owner direction recorded during project planning,Keep the source link with related game design,,Reference for original mod adaptation,Player reports captions unavailable; only selected frames reviewed
KANE-PIXELS-k0L8SM32ENI,Creative reference,Mar11_90_ARCHIVE.tar,Kane Pixels,https://www.youtube.com/watch?v=k0L8SM32ENI,reviews/kane-pixels/k0L8SM32ENI.md,Partial visual sample; full review pending,Indirect story and visual reference,Original game content inspired by the reviewed source,MIT per project owner direction,Owner direction recorded during project planning,Keep the source link with related game design,,Reference for original mod adaptation,Page archive/compilation labels are preserved as shown; chronology remains open
KANE-PIXELS-tvmEc7JhR0E,Creative reference,Backrooms - The Third Test,Kane Pixels,https://www.youtube.com/watch?v=tvmEc7JhR0E,reviews/kane-pixels/tvmEc7JhR0E.md,Partial visual and embedded-subtitle sample; full review pending,Indirect story and visual reference,Original game content inspired by the reviewed source,MIT per project owner direction,Owner direction recorded during project planning,Keep the source link with related game design,,Reference for original mod adaptation,Page/video display 07/02/1988; subtitle fragments name Ivan Beck and mention repeated testing and property savings
KANE-PIXELS-eXdIDjzy6KY,Creative reference,Backrooms - First Contact,Kane Pixels,https://www.youtube.com/watch?v=eXdIDjzy6KY,reviews/kane-pixels/eXdIDjzy6KY.md,Partial visual/subtitle sample; full review pending,Indirect story and visual reference,Original game content inspired by the reviewed source,MIT per project owner direction,Owner direction recorded during project planning,Keep the source link with related game design,,Reference for original mod adaptation,Page/video show 10/17/1989; sampled frames show a lit gate opening onto a yellow corridor; possible timeline link to upload 3 remains an inference
A24-BACKROOMS-FEATURE,Creative reference,Backrooms feature,A24 / Kane Parsons,https://a24films.com/films/backrooms,reviews/a24-feature/feature-review.md,Review pending; linked placeholder,Indirect story and visual reference,Original game content inspired by the reviewed source,MIT per project owner direction,Owner direction recorded during project planning,Keep the source link with related game design,,Reference for original mod adaptation,Full film review remains required before detailed film content is designed
A24-CREATOR-INTERVIEW,Research reference,Thirty Thousand Square Feet with Kane Parsons & James Wan,A24,https://a24films.com/notes/2026/05/thirty-thousand-square-feet-with-kane-parsons-james-wan,../RESEARCH.md,High-level notes recorded; verify against source when refreshed,Research/design context only,None,Publisher terms apply to the source; no excerpt or media planned,Official page,Attribute and link as required if cited,,Reference only,Separate interview statements from project interpretation
RIMWORLD-CORE,DLC/game technical reference,RimWorld 1.6,Ludeon Studios,https://rimworldgame.com/,../COMPATIBILITY.md,Build evidence pending,Implementation compatibility target,None; do not redistribute game files,Publisher terms apply,Official publisher page,Link to official documentation where cited,,Reference only,Record exact installed build and DLC set before implementation
RWT-UPSTREAM,Mod technical reference,RimWorld Together,RimWorld Together project,https://github.com/RimWorld-Together/Rimworld-Together,RWT_AND_GRAVSHIP_FEASIBILITY.md,26.8.31.1 Windows server asset pinned by digest; client behavior and API review pending,Optional multiplayer integration target,None planned; do not vendor code/assets,Upstream license/version must be verified for any separate use,Repository license and release records,Link upstream and record license/version,,Reference only,Do not infer behavior from the Workshop description alone
