"LoadOrder","ModName","ModID","Type","WorkshopURL"
"1","Harmony","2009463077","1","https://steamcommunity.com/sharedfiles/filedetails/?id=2009463077"
"2","SF Grim Reality","1543063349","1","https://steamcommunity.com/sharedfiles/filedetails/?id=1543063349"
"3","Loading Progress","3535481557","1","https://steamcommunity.com/sharedfiles/filedetails/?id=3535481557"
"4","Core","Core","1",""
"5","Royalty","Royalty","1",""
"6","Ideology","Ideology","1",""
"7","Biotech","Biotech","1",""
"8","Anomaly","Anomaly","1",""
"9","Odyssey","Odyssey","1",""
"10","Adaptive Storage Framework","3033901359","1","https://steamcommunity.com/sharedfiles/filedetails/?id=3033901359"
"11","Vehicle Framework","3014915404","1","https://steamcommunity.com/sharedfiles/filedetails/?id=3014915404"
"12","XML Extensions","2574315206","1","https://steamcommunity.com/sharedfiles/filedetails/?id=2574315206"
"13","HugsLib","818773962","1","https://steamcommunity.com/sharedfiles/filedetails/?id=818773962"
"14","Vanilla Expanded Framework","2023507013","1","https://steamcommunity.com/sharedfiles/filedetails/?id=2023507013"
"15","[ARY] Automatic Stump Chopping [1.5 - 1.6]","3357749890","1","https://steamcommunity.com/sharedfiles/filedetails/?id=3357749890"
"16","[Kit] Graze up","2302739121","1","https://steamcommunity.com/sharedfiles/filedetails/?id=2302739121"
"17","[KV] Call Trade Ships (Continued)","3722921543","1","https://steamcommunity.com/sharedfiles/filedetails/?id=3722921543"
"18","[Ling]Move Steam Geyser","1547361568","1","https://steamcommunity.com/sharedfiles/filedetails/?id=1547361568"
"19","[Og] Automatic Power Switch","3031634496","1","https://steamcommunity.com/sharedfiles/filedetails/?id=3031634496"
"20","[SR]Factional War (fork)","3423264477","1","https://steamcommunity.com/sharedfiles/filedetails/?id=3423264477"
"21","[XND] Profitable Weapons (Continued)","2269697598","1","https://steamcommunity.com/sharedfiles/filedetails/?id=2269697598"
"22","[XND] Visible Pants","2264108215","1","https://steamcommunity.com/sharedfiles/filedetails/?id=2264108215"
"23","A Dog Said... Animal Prosthetics 2","3238353862","1","https://steamcommunity.com/sharedfiles/filedetails/?id=3238353862"
"24","Adaptive Ideology Storage","3301337278","1","https://steamcommunity.com/sharedfiles/filedetails/?id=3301337278"
"25","Adaptive Primitive Storage","3400037215","1","https://steamcommunity.com/sharedfiles/filedetails/?id=3400037215"
"26","Adaptive Simple Storage","3297307747","1","https://steamcommunity.com/sharedfiles/filedetails/?id=3297307747"
"27","Age Reversing Mech Serum","1826684801","1","https://steamcommunity.com/sharedfiles/filedetails/?id=1826684801"
"28","All Memories Fade","2800155563","1","https://steamcommunity.com/sharedfiles/filedetails/?id=2800155563"
"29","All Turrets Can Set Forced Target (Continued)","3256513109","1","https://steamcommunity.com/sharedfiles/filedetails/?id=3256513109"
"30","Allow Tool","761421485","1","https://steamcommunity.com/sharedfiles/filedetails/?id=761421485"
"31","Animal Apparel: Framework","3513825850","1","https://steamcommunity.com/sharedfiles/filedetails/?id=3513825850"
"32","Animal Apparel: Vac Belt","3525740284","1","https://steamcommunity.com/sharedfiles/filedetails/?id=3525740284"
"33","Animal Controls","2426119067","1","https://steamcommunity.com/sharedfiles/filedetails/?id=2426119067"
"34","Animal Medical Bed","3221610549","1","https://steamcommunity.com/sharedfiles/filedetails/?id=3221610549"
"35","Animal Sarcophagus","2876565401","1","https://steamcommunity.com/sharedfiles/filedetails/?id=2876565401"
"36","Animal Tab (Continued 1.6)","3575480305","1","https://steamcommunity.com/sharedfiles/filedetails/?id=3575480305"
"37","Animals are fun! (Continued)","3245454244","1","https://steamcommunity.com/sharedfiles/filedetails/?id=3245454244"
"38","Animals Logic","1098354593","1","https://steamcommunity.com/sharedfiles/filedetails/?id=1098354593"
"39","Anomaly Research Asteroid","3527726648","1","https://steamcommunity.com/sharedfiles/filedetails/?id=3527726648"
"40","Architect Icons","1195427067","1","https://steamcommunity.com/sharedfiles/filedetails/?id=1195427067"
"41","Area Unlocker (Continued)","3550817577","1","https://steamcommunity.com/sharedfiles/filedetails/?id=3550817577"
"42","Asteroid Mineral Scanner","3536585361","1","https://steamcommunity.com/sharedfiles/filedetails/?id=3536585361"
"43","Auto links","2059389912","1","https://steamcommunity.com/sharedfiles/filedetails/?id=2059389912"
"44","Auto-Cut Blight - 1.6","3520167264","1","https://steamcommunity.com/sharedfiles/filedetails/?id=3520167264"
"45","Bad Can Be Good (Continued)","2889440091","1","https://steamcommunity.com/sharedfiles/filedetails/?id=2889440091"
"46","Barky's Caravan Dogs","1497792975","1","https://steamcommunity.com/sharedfiles/filedetails/?id=1497792975"
"47","Beautiful Outdoors","2011794898","1","https://steamcommunity.com/sharedfiles/filedetails/?id=2011794898"
"48","Bed Rest For Food Poisoning","2567901366","1","https://steamcommunity.com/sharedfiles/filedetails/?id=2567901366"
"49","Better Electronics","1555743957","1","https://steamcommunity.com/sharedfiles/filedetails/?id=1555743957"
"50","Better Explosions","2572683272","1","https://steamcommunity.com/sharedfiles/filedetails/?id=2572683272"
"51","Better Gene Inheritance","3046776238","1","https://steamcommunity.com/sharedfiles/filedetails/?id=3046776238"
"52","BetterWeight","2221387317","1","https://steamcommunity.com/sharedfiles/filedetails/?id=2221387317"
"53","Big Little Mod Patch","2710382569","1","https://steamcommunity.com/sharedfiles/filedetails/?id=2710382569"
"54","Blood Animations","3228047321","1","https://steamcommunity.com/sharedfiles/filedetails/?id=3228047321"
"55","Blueprints Forked - 1.6","3525001145","1","https://steamcommunity.com/sharedfiles/filedetails/?id=3525001145"
"56","Bo's Milkable Animals","841092540","1","https://steamcommunity.com/sharedfiles/filedetails/?id=841092540"
"57","Build From Inventory - Continued","3534185281","1","https://steamcommunity.com/sharedfiles/filedetails/?id=3534185281"
"58","Buildable Terrain v1","1420979918","1","https://steamcommunity.com/sharedfiles/filedetails/?id=1420979918"
"59","Call A Trader","2784149999","1","https://steamcommunity.com/sharedfiles/filedetails/?id=2784149999"
"60","Capture Them (Continued)","3255137581","1","https://steamcommunity.com/sharedfiles/filedetails/?id=3255137581"
"61","Carryalls | Intercontinental Transport (Continued)","3642349335","1","https://steamcommunity.com/sharedfiles/filedetails/?id=3642349335"
"62","Cash Register (Continued)","3509487668","1","https://steamcommunity.com/sharedfiles/filedetails/?id=3509487668"
"63","Change map edge limit","1546494565","1","https://steamcommunity.com/sharedfiles/filedetails/?id=1546494565"
"64","Character Editor","1874644848","1","https://steamcommunity.com/sharedfiles/filedetails/?id=1874644848"
"65","CM Color Coded Mood Bar [1.1+]","2006605356","1","https://steamcommunity.com/sharedfiles/filedetails/?id=2006605356"
"66","Common Sense","1561769193","1","https://steamcommunity.com/sharedfiles/filedetails/?id=1561769193"
"67","Compact Work Tab (Continued)","3250322299","1","https://steamcommunity.com/sharedfiles/filedetails/?id=3250322299"
"68","Corpse info","2913588675","1","https://steamcommunity.com/sharedfiles/filedetails/?id=2913588675"
"69","Craftable Mountains","2906276423","1","https://steamcommunity.com/sharedfiles/filedetails/?id=2906276423"
"70","Damage Indicators [1.6]","2016331497","1","https://steamcommunity.com/sharedfiles/filedetails/?id=2016331497"
"71","Death Rattle Continued [1.2+]","2896207870","1","https://steamcommunity.com/sharedfiles/filedetails/?id=2896207870"
"72","Dependency Overdose Fix","3421951605","1","https://steamcommunity.com/sharedfiles/filedetails/?id=3421951605"
"73","Destroy Item","2423311270","1","https://steamcommunity.com/sharedfiles/filedetails/?id=2423311270"
"74","Ding On Game Loaded","2425530959","1","https://steamcommunity.com/sharedfiles/filedetails/?id=2425530959"
"75","Do Recreation When Idle","3368214339","1","https://steamcommunity.com/sharedfiles/filedetails/?id=3368214339"
"76","Do Your F****** Research","3523205869","1","https://steamcommunity.com/sharedfiles/filedetails/?id=3523205869"
"77","Doors Expanded","3532342422","1","https://steamcommunity.com/sharedfiles/filedetails/?id=3532342422"
"78","Draftable Animals - Releashed","3534629428","1","https://steamcommunity.com/sharedfiles/filedetails/?id=3534629428"
"79","DragSelect","2599942235","1","https://steamcommunity.com/sharedfiles/filedetails/?id=2599942235"
"80","Dual Wield - Continued","3630049419","1","https://steamcommunity.com/sharedfiles/filedetails/?id=3630049419"
"81","Dubs Mint Menus","1446523594","1","https://steamcommunity.com/sharedfiles/filedetails/?id=1446523594"
"82","Dubs Mint Minimap","1662119905","1","https://steamcommunity.com/sharedfiles/filedetails/?id=1662119905"
"83","Dubs Rimatomics","1127530465","1","https://steamcommunity.com/sharedfiles/filedetails/?id=1127530465"
"84","Dubs Rimkit","832333531","1","https://steamcommunity.com/sharedfiles/filedetails/?id=832333531"
"85","EdB Prepare Carefully","735106432","1","https://steamcommunity.com/sharedfiles/filedetails/?id=735106432"
"86","Efficient batteries","865497369","1","https://steamcommunity.com/sharedfiles/filedetails/?id=865497369"
"87","Egg Incubator","2505566813","1","https://steamcommunity.com/sharedfiles/filedetails/?id=2505566813"
"88","Electric Stonecutting Table","1649368867","1","https://steamcommunity.com/sharedfiles/filedetails/?id=1649368867"
"89","Explosive Implant (Continued)","2162909284","1","https://steamcommunity.com/sharedfiles/filedetails/?id=2162909284"
"90","Fists Aren't Made of Steel","2845980214","1","https://steamcommunity.com/sharedfiles/filedetails/?id=2845980214"
"91","Flickable Storage","2497907804","1","https://steamcommunity.com/sharedfiles/filedetails/?id=2497907804"
"92","Floors Are (Absolutely) Worthless","2960126462","1","https://steamcommunity.com/sharedfiles/filedetails/?id=2960126462"
"93","Food Poisoning Stack Fix (Continued)","2843483188","1","https://steamcommunity.com/sharedfiles/filedetails/?id=2843483188"
"94","Force Xenogerm Implantation","2958300354","1","https://steamcommunity.com/sharedfiles/filedetails/?id=2958300354"
"95","FrameRateControl","1591142767","1","https://steamcommunity.com/sharedfiles/filedetails/?id=1591142767"
"96","Fueled Crematoriums","3286907608","1","https://steamcommunity.com/sharedfiles/filedetails/?id=3286907608"
"97","Gemstones","2000801414","1","https://steamcommunity.com/sharedfiles/filedetails/?id=2000801414"
"98","Giddy-Up 2 - Continued","3674332861","1","https://steamcommunity.com/sharedfiles/filedetails/?id=3674332861"
"99","Glitterworld medicine craftable","1541794953","1","https://steamcommunity.com/sharedfiles/filedetails/?id=1541794953"
"100","Go Explore!","1814100216","1","https://steamcommunity.com/sharedfiles/filedetails/?id=1814100216"
"101","Gold & Silver Ingots","2527544142","1","https://steamcommunity.com/sharedfiles/filedetails/?id=2527544142"
"102","Graying Hair","2807132773","1","https://steamcommunity.com/sharedfiles/filedetails/?id=2807132773"
"103","Greyer morals (Continued)","2018947066","1","https://steamcommunity.com/sharedfiles/filedetails/?id=2018947066"
"104","Hardened Armor","3515052580","1","https://steamcommunity.com/sharedfiles/filedetails/?id=3515052580"
"105","Harvest Organs Post Mortem Continued","1204502413","1","https://steamcommunity.com/sharedfiles/filedetails/?id=1204502413"
"106","Harvest When Butchering","2898826891","1","https://steamcommunity.com/sharedfiles/filedetails/?id=2898826891"
"107","Haul to Stack","949498803","1","https://steamcommunity.com/sharedfiles/filedetails/?id=949498803"
"108","Healer Mech Serum Choice","2714095848","1","https://steamcommunity.com/sharedfiles/filedetails/?id=2714095848"
"109","Hospital","2992224079","1","https://steamcommunity.com/sharedfiles/filedetails/?id=2992224079"
"110","Human Power Generator Mod","1706030487","1","https://steamcommunity.com/sharedfiles/filedetails/?id=1706030487"
"111","I Clearly Have Enough! (Continued)","2023661266","1","https://steamcommunity.com/sharedfiles/filedetails/?id=2023661266"
"112","Inject Genes","2918091446","1","https://steamcommunity.com/sharedfiles/filedetails/?id=2918091446"
"113","Injured Carry","2413690575","1","https://steamcommunity.com/sharedfiles/filedetails/?id=2413690575"
"114","Integrated Genes","2884115974","1","https://steamcommunity.com/sharedfiles/filedetails/?id=2884115974"
"115","InterRim Ballistic Missile","3682304832","1","https://steamcommunity.com/sharedfiles/filedetails/?id=3682304832"
"116","Just Put It Over There","2856471776","1","https://steamcommunity.com/sharedfiles/filedetails/?id=2856471776"
"117","Keep Converting","3461478214","1","https://steamcommunity.com/sharedfiles/filedetails/?id=3461478214"
"118","Ladies Can Flirt Too! (Continued)","3559816908","1","https://steamcommunity.com/sharedfiles/filedetails/?id=3559816908"
"119","Less Stupid Romance Attempt (Continued)","2014603702","1","https://steamcommunity.com/sharedfiles/filedetails/?id=2014603702"
"120","Live With The Pain","2659985388","1","https://steamcommunity.com/sharedfiles/filedetails/?id=2659985388"
"121","Luciferium craftable","1541795146","1","https://steamcommunity.com/sharedfiles/filedetails/?id=1541795146"
"122","LWM's Adaptive Deep Storage","3373064575","1","https://steamcommunity.com/sharedfiles/filedetails/?id=3373064575"
"123","Mad Skills","731111514","1","https://steamcommunity.com/sharedfiles/filedetails/?id=731111514"
"124","Map Preview","2800857642","1","https://steamcommunity.com/sharedfiles/filedetails/?id=2800857642"
"125","Meals On Wheels - Continued","3538082807","1","https://steamcommunity.com/sharedfiles/filedetails/?id=3538082807"
"126","Medical IVs Fork","3480177412","1","https://steamcommunity.com/sharedfiles/filedetails/?id=3480177412"
"127","Mine Sight","3769804600","1","https://steamcommunity.com/sharedfiles/filedetails/?id=3769804600"
"128","MinifyEverything","872762753","1","https://steamcommunity.com/sharedfiles/filedetails/?id=872762753"
"129","Misc. Training","717575199","1","https://steamcommunity.com/sharedfiles/filedetails/?id=717575199"
"130","More Beautiful Bodies","3341372760","1","https://steamcommunity.com/sharedfiles/filedetails/?id=3341372760"
"131","More Crashed Ship Parts","1638467041","1","https://steamcommunity.com/sharedfiles/filedetails/?id=1638467041"
"132","More Faction Interaction (Continued)","2379076640","1","https://steamcommunity.com/sharedfiles/filedetails/?id=2379076640"
"133","More filters for animals' pen","2558978295","1","https://steamcommunity.com/sharedfiles/filedetails/?id=2558978295"
"134","More Linkables","1103809207","1","https://steamcommunity.com/sharedfiles/filedetails/?id=1103809207"
"135","More Milkable and Shearable Animals","3453878341","1","https://steamcommunity.com/sharedfiles/filedetails/?id=3453878341"
"136","More Vanilla Biomes","1931453053","1","https://steamcommunity.com/sharedfiles/filedetails/?id=1931453053"
"137","Mortar Accuracy","1729446857","1","https://steamcommunity.com/sharedfiles/filedetails/?id=1729446857"
"138","Move Your Monolith","3221480525","1","https://steamcommunity.com/sharedfiles/filedetails/?id=3221480525"
"139","Muzzle Flash","2917732219","1","https://steamcommunity.com/sharedfiles/filedetails/?id=2917732219"
"140","Name Your Entities","3229905841","1","https://steamcommunity.com/sharedfiles/filedetails/?id=3229905841"
"141","NamesGalore (Continued)","3263018536","1","https://steamcommunity.com/sharedfiles/filedetails/?id=3263018536"
"142","Need Bar Overflow","2566316158","1","https://steamcommunity.com/sharedfiles/filedetails/?id=2566316158"
"143","Neutroamine craftable","1541795281","1","https://steamcommunity.com/sharedfiles/filedetails/?id=1541795281"
"144","No Burn Metal","1923990111","1","https://steamcommunity.com/sharedfiles/filedetails/?id=1923990111"
"145","No Death Cooties On Armour","914638336","1","https://steamcommunity.com/sharedfiles/filedetails/?id=914638336"
"146","No Hemogen Farm Medical Alert","2887053053","1","https://steamcommunity.com/sharedfiles/filedetails/?id=2887053053"
"147","No Infestation","2890080496","1","https://steamcommunity.com/sharedfiles/filedetails/?id=2890080496"
"148","No Quests Without Comms","2557302879","1","https://steamcommunity.com/sharedfiles/filedetails/?id=2557302879"
"149","No Royal Clothing Reqs (1.6)","2558797536","1","https://steamcommunity.com/sharedfiles/filedetails/?id=2558797536"
"150","No Solar Flares","2879659174","1","https://steamcommunity.com/sharedfiles/filedetails/?id=2879659174"
"151","No Sympathy For Prisoners","3533769253","1","https://steamcommunity.com/sharedfiles/filedetails/?id=3533769253"
"152","Non uno Pinata (don't drop items)","1778821244","1","https://steamcommunity.com/sharedfiles/filedetails/?id=1778821244"
"153","Not My Fault","2870045856","1","https://steamcommunity.com/sharedfiles/filedetails/?id=2870045856"
"154","Not Only GeneBank in Orbit Trade","3465476199","1","https://steamcommunity.com/sharedfiles/filedetails/?id=3465476199"
"155","Numbers","1414302321","1","https://steamcommunity.com/sharedfiles/filedetails/?id=1414302321"
"156","Offspring Inherit Xenogenes (Continued)","3266000468","1","https://steamcommunity.com/sharedfiles/filedetails/?id=3266000468"
"157","OgreStack","1447140290","1","https://steamcommunity.com/sharedfiles/filedetails/?id=1447140290"
"158","Oops All Gene Banks","2883683444","1","https://steamcommunity.com/sharedfiles/filedetails/?id=2883683444"
"159","Pack Mules Extended","1501052499","1","https://steamcommunity.com/sharedfiles/filedetails/?id=1501052499"
"160","Packs Are Not Belts","2509511179","1","https://steamcommunity.com/sharedfiles/filedetails/?id=2509511179"
"161","Pass It Through The Window! (Continued)","3583129312","1","https://steamcommunity.com/sharedfiles/filedetails/?id=3583129312"
"162","Pawn Target Fix","2014789938","1","https://steamcommunity.com/sharedfiles/filedetails/?id=2014789938"
"163","Permeable Terrain","3261312042","1","https://steamcommunity.com/sharedfiles/filedetails/?id=3261312042"
"164","Pick Up And Haul","1279012058","1","https://steamcommunity.com/sharedfiles/filedetails/?id=1279012058"
"165","Plant Growth Sync (Continued)","2807616911","1","https://steamcommunity.com/sharedfiles/filedetails/?id=2807616911"
"166","Plasteel Surgery (Continued)","2018276375","1","https://steamcommunity.com/sharedfiles/filedetails/?id=2018276375"
"167","Power Poles","2507086460","1","https://steamcommunity.com/sharedfiles/filedetails/?id=2507086460"
"168","Priority Treatment Ressurected","3009738919","1","https://steamcommunity.com/sharedfiles/filedetails/?id=3009738919"
"169","Prison Commons (Continued)","2898000489","1","https://steamcommunity.com/sharedfiles/filedetails/?id=2898000489"
"170","Prisoner Arena (Continued)","2022581505","1","https://steamcommunity.com/sharedfiles/filedetails/?id=2022581505"
"171","Prisoner Harvesting 1.5","3347850851","1","https://steamcommunity.com/sharedfiles/filedetails/?id=3347850851"
"172","Prisoner Jumpsuits","3402467889","1","https://steamcommunity.com/sharedfiles/filedetails/?id=3402467889"
"173","PrisonerRansom","794038005","1","https://steamcommunity.com/sharedfiles/filedetails/?id=794038005"
"174","Prisoners Can Read","3409290110","1","https://steamcommunity.com/sharedfiles/filedetails/?id=3409290110"
"175","Prisoners Dont Have Keys","2595360307","1","https://steamcommunity.com/sharedfiles/filedetails/?id=2595360307"
"176","Prisoners Need Recruiting","2076235181","1","https://steamcommunity.com/sharedfiles/filedetails/?id=2076235181"
"177","Prisoners Should Fear Turrets","2602436826","1","https://steamcommunity.com/sharedfiles/filedetails/?id=2602436826"
"178","Prosthetic Didgets (Continued)","2012507402","1","https://steamcommunity.com/sharedfiles/filedetails/?id=2012507402"
"179","Prosthetic No Missing Body Parts (Continued)","2739055353","1","https://steamcommunity.com/sharedfiles/filedetails/?id=2739055353"
"180","Quality Colors (Continued)","3513846773","1","https://steamcommunity.com/sharedfiles/filedetails/?id=3513846773"
"181","QualityBuilder Unofficial 1.6","3512466087","1","https://steamcommunity.com/sharedfiles/filedetails/?id=3512466087"
"182","Questionable Ethics Enhanced (Continued)","2850854272","1","https://steamcommunity.com/sharedfiles/filedetails/?id=2850854272"
"183","Real Faction Guest (Continued)","2886929245","1","https://steamcommunity.com/sharedfiles/filedetails/?id=2886929245"
"184","Realistic Rooms Rewritten","2558042766","1","https://steamcommunity.com/sharedfiles/filedetails/?id=2558042766"
"185","ReBuild: Doors and Corners","3262718980","1","https://steamcommunity.com/sharedfiles/filedetails/?id=3262718980"
"186","Recipe icons (Continued)","2904906618","1","https://steamcommunity.com/sharedfiles/filedetails/?id=2904906618"
"187","Remote Doors (Continued)","2243274070","1","https://steamcommunity.com/sharedfiles/filedetails/?id=2243274070"
"188","Removable Mt.Rock Roof Patch","1541438898","1","https://steamcommunity.com/sharedfiles/filedetails/?id=1541438898"
"189","Replace Stuff - Continued","3526354009","1","https://steamcommunity.com/sharedfiles/filedetails/?id=3526354009"
"190","Replantable Anima Trees (Continued)","3503586725","1","https://steamcommunity.com/sharedfiles/filedetails/?id=3503586725"
"191","ResearchTree (Eheieh Version)","3569150345","1","https://steamcommunity.com/sharedfiles/filedetails/?id=3569150345"
"192","Restraints","1578234826","1","https://steamcommunity.com/sharedfiles/filedetails/?id=1578234826"
"193","ReTend","3523724230","1","https://steamcommunity.com/sharedfiles/filedetails/?id=3523724230"
"194","Rimefeller","1321849735","1","https://steamcommunity.com/sharedfiles/filedetails/?id=1321849735"
"195","RimFridge: Now with Shelves!","2898411376","1","https://steamcommunity.com/sharedfiles/filedetails/?id=2898411376"
"196","RimWorld Together","3005289691","1","https://steamcommunity.com/sharedfiles/filedetails/?id=3005289691"
"197","Romance On The Rim","2654432921","1","https://steamcommunity.com/sharedfiles/filedetails/?id=2654432921"
"198","RunAndGun - Continued","3562365100","1","https://steamcommunity.com/sharedfiles/filedetails/?id=3562365100"
"199","Safely Hidden Away (Continued)","3546378186","1","https://steamcommunity.com/sharedfiles/filedetails/?id=3546378186"
"200","Search and Destroy (Continued)","3232242247","1","https://steamcommunity.com/sharedfiles/filedetails/?id=3232242247"
"201","Secret Passage Doors (Continued)","2412682633","1","https://steamcommunity.com/sharedfiles/filedetails/?id=2412682633"
"202","Sentience Catalyst Filth Rate Reducer","3525790312","1","https://steamcommunity.com/sharedfiles/filedetails/?id=3525790312"
"203","Shit Rimworld Says (Continued)","3374039039","1","https://steamcommunity.com/sharedfiles/filedetails/?id=3374039039"
"204","Show Me Your Hands","2475965842","1","https://steamcommunity.com/sharedfiles/filedetails/?id=2475965842"
"205","Simple sidearms","927155256","1","https://steamcommunity.com/sharedfiles/filedetails/?id=927155256"
"206","Slave Outfit Fix","2926945131","1","https://steamcommunity.com/sharedfiles/filedetails/?id=2926945131"
"207","Small Furniture","3696700829","1","https://steamcommunity.com/sharedfiles/filedetails/?id=3696700829"
"208","Smaller radius for Anima Trees, Shrines and Animus Stones","2812513517","1","https://steamcommunity.com/sharedfiles/filedetails/?id=2812513517"
"209","Smart Medicine - Continued","3526251680","1","https://steamcommunity.com/sharedfiles/filedetails/?id=3526251680"
"210","Smart Meditation","2800676538","1","https://steamcommunity.com/sharedfiles/filedetails/?id=2800676538"
"211","Smart Turret Covering","2636621800","1","https://steamcommunity.com/sharedfiles/filedetails/?id=2636621800"
"212","Smarter Construction","2202185773","1","https://steamcommunity.com/sharedfiles/filedetails/?id=2202185773"
"213","Smarter Visitors","3012491521","1","https://steamcommunity.com/sharedfiles/filedetails/?id=3012491521"
"214","Snap Out!","1319782555","1","https://steamcommunity.com/sharedfiles/filedetails/?id=1319782555"
"215","Social Experience from Trade","3400608063","1","https://steamcommunity.com/sharedfiles/filedetails/?id=3400608063"
"216","Sparkling Worlds - Full Mod","1123043922","1","https://steamcommunity.com/sharedfiles/filedetails/?id=1123043922"
"217","SS Lightning Rod (Continued)","2358261479","1","https://steamcommunity.com/sharedfiles/filedetails/?id=2358261479"
"218","Stargates!","2831698056","1","https://steamcommunity.com/sharedfiles/filedetails/?id=2831698056"
"219","Stonecutting Extended","2571676542","1","https://steamcommunity.com/sharedfiles/filedetails/?id=2571676542"
"220","Stop, Drop, And Roll! [BAL]","2362707956","1","https://steamcommunity.com/sharedfiles/filedetails/?id=2362707956"
"221","Stuff Mass Matters","2787438435","1","https://steamcommunity.com/sharedfiles/filedetails/?id=2787438435"
"222","Stuff on Tables Forked","3289533061","1","https://steamcommunity.com/sharedfiles/filedetails/?id=3289533061"
"223","Surrogate Mechanoid","3246748490","1","https://steamcommunity.com/sharedfiles/filedetails/?id=3246748490"
"224","TakeCover","3749200746","1","https://steamcommunity.com/sharedfiles/filedetails/?id=3749200746"
"225","TendYourself","3476618866","1","https://steamcommunity.com/sharedfiles/filedetails/?id=3476618866"
"226","The Cooler","3221592105","1","https://steamcommunity.com/sharedfiles/filedetails/?id=3221592105"
"227","The Titan Treatment","3523427789","1","https://steamcommunity.com/sharedfiles/filedetails/?id=3523427789"
"228","Toggle Harvest","1499848654","1","https://steamcommunity.com/sharedfiles/filedetails/?id=1499848654"
"229","Tradable Meals","1506931205","1","https://steamcommunity.com/sharedfiles/filedetails/?id=1506931205"
"230","Tradable Stone Blocks","1522257424","1","https://steamcommunity.com/sharedfiles/filedetails/?id=1522257424"
"231","Trade Ships Drop Spot","1969732297","1","https://steamcommunity.com/sharedfiles/filedetails/?id=1969732297"
"232","Trade Ships No Matter What","2296557502","1","https://steamcommunity.com/sharedfiles/filedetails/?id=2296557502"
"233","Trait Rarity Colors","1751884355","1","https://steamcommunity.com/sharedfiles/filedetails/?id=1751884355"
"234","Turrets Shoot Hunting Predators","3221646589","1","https://steamcommunity.com/sharedfiles/filedetails/?id=3221646589"
"235","TV is Educational","2921021769","1","https://steamcommunity.com/sharedfiles/filedetails/?id=2921021769"
"236","TVForPrison (Continued)","2194535018","1","https://steamcommunity.com/sharedfiles/filedetails/?id=2194535018"
"237","Ugh You Got Me","1542424705","1","https://steamcommunity.com/sharedfiles/filedetails/?id=1542424705"
"238","Ugly Together","2884233923","1","https://steamcommunity.com/sharedfiles/filedetails/?id=2884233923"
"239","Undraft After Tucking","2157495459","1","https://steamcommunity.com/sharedfiles/filedetails/?id=2157495459"
"240","Unsterilize Animals","2895378449","1","https://steamcommunity.com/sharedfiles/filedetails/?id=2895378449"
"241","Use Your Gun!","3229291869","1","https://steamcommunity.com/sharedfiles/filedetails/?id=3229291869"
"242","Vanilla Apparel Expanded","1814987817","1","https://steamcommunity.com/sharedfiles/filedetails/?id=1814987817"
"243","Vanilla Apparel Expanded — Accessories","2521176396","1","https://steamcommunity.com/sharedfiles/filedetails/?id=2521176396"
"244","Vanilla Armour Expanded","1814988282","1","https://steamcommunity.com/sharedfiles/filedetails/?id=1814988282"
"245","Vanilla Fix: Haul After Slaughter","2801452324","1","https://steamcommunity.com/sharedfiles/filedetails/?id=2801452324"
"246","Vanilla Furniture Expanded - Factory","3686924415","1","https://steamcommunity.com/sharedfiles/filedetails/?id=3686924415"
"247","Vanilla Gravship Expanded - Chapter 1","3609835606","1","https://steamcommunity.com/sharedfiles/filedetails/?id=3609835606"
"248","Vanilla Hair Expanded","1888705256","1","https://steamcommunity.com/sharedfiles/filedetails/?id=1888705256"
"249","Vanilla Vehicles Expanded","3014906877","1","https://steamcommunity.com/sharedfiles/filedetails/?id=3014906877"
"250","Vanilla Weapons Expanded - Non-Lethal","2454918354","1","https://steamcommunity.com/sharedfiles/filedetails/?id=2454918354"
"251","Various Space Ship Chunk (Continued)","2014616487","1","https://steamcommunity.com/sharedfiles/filedetails/?id=2014616487"
"252","Vault Walls and Doors","2000708343","1","https://steamcommunity.com/sharedfiles/filedetails/?id=2000708343"
"253","Walkable Solar Panels","2511096015","1","https://steamcommunity.com/sharedfiles/filedetails/?id=2511096015"
"254","Wall Heater","3286518227","1","https://steamcommunity.com/sharedfiles/filedetails/?id=3286518227"
"255","Wall Orbital Trade Beacon","3655704055","1","https://steamcommunity.com/sharedfiles/filedetails/?id=3655704055"
"256","Wall Televisions","3582096423","1","https://steamcommunity.com/sharedfiles/filedetails/?id=3582096423"
"257","Wall Vitals Monitor","3655382525","1","https://steamcommunity.com/sharedfiles/filedetails/?id=3655382525"
"258","War Crimes Expanded 2 Core (Updated)","3032870787","1","https://steamcommunity.com/sharedfiles/filedetails/?id=3032870787"
"259","Warehouse Storage","3519963835","1","https://steamcommunity.com/sharedfiles/filedetails/?id=3519963835"
"260","While You Are Nearby","2784585275","1","https://steamcommunity.com/sharedfiles/filedetails/?id=2784585275"
"261","Who shot my leg off?","3491552121","1","https://steamcommunity.com/sharedfiles/filedetails/?id=3491552121"
"262","Wololoo - Better Conversion and Recruitment","3108763487","1","https://steamcommunity.com/sharedfiles/filedetails/?id=3108763487"
"263","You Drive, I Sleep","3324430833","1","https://steamcommunity.com/sharedfiles/filedetails/?id=3324430833"
"264","Zone To Schedule","2436086611","1","https://steamcommunity.com/sharedfiles/filedetails/?id=2436086611"
"265","AirtightGarageDoors","3534740420","1","https://steamcommunity.com/sharedfiles/filedetails/?id=3534740420"
"266","Alpha Vehicles - Age of Sail","3177395100","1","https://steamcommunity.com/sharedfiles/filedetails/?id=3177395100"
"267","Animal Apparel: Basic Armor","3513849448","1","https://steamcommunity.com/sharedfiles/filedetails/?id=3513849448"
"268","Beautiful Bodies","2068281501","1","https://steamcommunity.com/sharedfiles/filedetails/?id=2068281501"
"269","Gastronomy (Continued)","3509488152","1","https://steamcommunity.com/sharedfiles/filedetails/?id=3509488152"
"270","Hospitality (Continued)","3509486825","1","https://steamcommunity.com/sharedfiles/filedetails/?id=3509486825"
"271","Jewelry","3203280763","1","https://steamcommunity.com/sharedfiles/filedetails/?id=3203280763"
"272","Life Support Continued [1.1+]","2937012139","1","https://steamcommunity.com/sharedfiles/filedetails/?id=2937012139"
"273","Locks","1157085076","1","https://steamcommunity.com/sharedfiles/filedetails/?id=1157085076"
"274","Medical Dissection","1328216966","1","https://steamcommunity.com/sharedfiles/filedetails/?id=1328216966"
"275","Non-Lethal: Re-Examined","3455926746","1","https://steamcommunity.com/sharedfiles/filedetails/?id=3455926746"
"276","Power Poles Extended","3339142899","1","https://steamcommunity.com/sharedfiles/filedetails/?id=3339142899"
"277","Rebuild: Embrasures","3500482839","1","https://steamcommunity.com/sharedfiles/filedetails/?id=3500482839"
"278","Replace Stuff: Cooler And Vent Placement Fix","3093303048","1","https://steamcommunity.com/sharedfiles/filedetails/?id=3093303048"
"279","Research Whatever","2552092060","1","https://steamcommunity.com/sharedfiles/filedetails/?id=2552092060"
"280","Van's Retexture : Misc. Training","2848956469","1","https://steamcommunity.com/sharedfiles/filedetails/?id=2848956469"
"281","Vanilla Gravship Expanded - Chapter 2","3799737423","1","https://steamcommunity.com/sharedfiles/filedetails/?id=3799737423"
"282","Vanilla Vehicles Expanded - Tier 3","3047892432","1","https://steamcommunity.com/sharedfiles/filedetails/?id=3047892432"
"283","Vanilla Vehicles Expanded - Upgrades","3302208420","1","https://steamcommunity.com/sharedfiles/filedetails/?id=3302208420"
"284","[FSF] FrozenSnowFox Tweaks","2893432492","1","https://steamcommunity.com/sharedfiles/filedetails/?id=2893432492"
"285","Hospitality - Invite to Stay","3783522506","1","https://steamcommunity.com/sharedfiles/filedetails/?id=3783522506"
"286","Hospitality: Storefront","2952321484","1","https://steamcommunity.com/sharedfiles/filedetails/?id=2952321484"
"287","Imprisonment On The Go! (Continued)","3358620558","1","https://steamcommunity.com/sharedfiles/filedetails/?id=3358620558"
"288","Prison Labor","1899474310","1","https://steamcommunity.com/sharedfiles/filedetails/?id=1899474310"
"289","Simple Ivory","1724270693","1","https://steamcommunity.com/sharedfiles/filedetails/?id=1724270693"
"290","Vehicles Wrecks Expanded","3299034372","1","https://steamcommunity.com/sharedfiles/filedetails/?id=3299034372"
"291","VVE - Secondary Weapons","3459650108","1","https://steamcommunity.com/sharedfiles/filedetails/?id=3459650108"
"292","Custom Prisoner Interactions","2841231775","1","https://steamcommunity.com/sharedfiles/filedetails/?id=2841231775"
"293","Dismantle Ancient Junk","2871064871","1","https://steamcommunity.com/sharedfiles/filedetails/?id=2871064871"
"294","Vehicles Wrecks Expanded - Revisited","3348827283","1","https://steamcommunity.com/sharedfiles/filedetails/?id=3348827283"
